frame,u,v,X,Y,theta_deg
0,1785,2084,766.3465786054571,-144.37442320369155,169.3150863647461
1,1797,2083,779.3392161108707,-143.27576356844656,170.08724212646484
2,1808,2082,791.2491338241666,-142.17710393320158,170.36246490478516
3,1818,2081,802.0763317453445,-141.0784442979566,170.2001495361328
4,1829,2079,813.9862494586403,-138.88112502746662,170.18070220947266
5,1839,2078,824.8134473798184,-137.78246539222164,170.2001495361328
6,1849,2078,835.6406453009963,-137.78246539222164,170.27242279052734
7,1860,2076,847.5505630142923,-135.58514612173167,169.50852966308594
8,1871,2075,859.460480727588,-134.48648648648668,170.08724212646484
9,1882,2074,871.3703984408837,-133.3878268512417,169.4126739501953
10,1893,2072,883.2803161541794,-131.19050758075173,169.6026611328125
11,1903,2072,894.1075140753576,-131.19050758075173,169.8379135131836
12,1914,2071,906.0174317886533,-130.09184794550674,169.9920196533203
13,1925,2070,917.927349501949,-128.99318831026176,170.45086669921875
14,1935,2068,928.7545474231272,-126.79586903977179,170.1120147705078
15,1946,2068,940.6644651364229,-126.79586903977179,170.36246490478516
16,1957,2067,952.5743828497186,-125.6972094045268,170.2001495361328
17,1967,2066,963.4015807708968,-124.59854976928182,169.69515228271484
18,1978,2064,975.3114984841925,-122.40123049879185,170.2001495361328
19,1989,2062,987.2214161974882,-120.20391122830142,170.36246490478516
20,1999,2061,998.0486141186664,-119.10525159305644,170.45086669921875
21,2009,2060,1008.8758120398445,-118.00659195781145,170.7066879272461
22,2019,2059,1019.7030099610222,-116.90793232256647,170.36246490478516
23,2031,2058,1032.695647466436,-115.80927268732148,170.18070220947266
24,2042,2056,1044.6055651797317,-113.61195341683151,170.18070220947266
25,2052,2054,1055.4327631009098,-111.41463414634154,170.18070220947266
26,2063,2053,1067.3426808142056,-110.31597451109656,169.50852966308594
27,2074,2052,1079.2525985275013,-109.21731487585157,170.1120147705078
28,2084,2051,1090.0797964486794,-108.11865524060659,170.45086669921875
29,2095,2050,1101.9897141619751,-107.0199956053616,170.18070220947266
30,2106,2049,1113.8996318752709,-105.92133597011662,170.36246490478516
31,2116,2048,1124.726829796449,-104.82267633487163,169.9920196533203
32,2127,2046,1136.6367475097447,-102.62535706438166,170.13418579101562
33,2137,2045,1147.4639454309229,-101.52669742913668,169.9920196533203
34,2148,2044,1159.3738631442186,-100.42803779389169,170.02228546142578
35,2158,2043,1170.2010610653967,-99.3293781586467,169.3803482055664
36,2170,2041,1183.19369857081,-97.13205888815673,170.5376739501953
37,2181,2039,1195.1036162841058,-94.93473961766676,169.6466827392578
38,2191,2037,1205.930814205284,-92.7374203471768,169.87532806396484
39,2203,2036,1218.9234517106977,-91.63876071193181,169.61113739013672
40,2213,2034,1229.7506496318754,-89.44144144144184,169.80850219726562
41,2223,2033,1240.5778475530535,-88.3427818061964,170.27242279052734
42,2234,2031,1252.4877652663492,-86.14546253570643,169.69515228271484
43,2245,2029,1264.397682979645,-83.94814326521646,169.4608154296875
44,2256,2026,1276.3076006929412,-80.6521643594815,169.33966064453125
45,2267,2025,1288.2175184062369,-79.55350472423652,169.4608154296875
46,2277,2025,1299.0447163274146,-79.55350472423652,169.44818878173828
47,2288,2024,1310.9546340407107,-78.45484508899153,169.11447143554688
48,2299,2023,1322.8645517540065,-77.35618545374655,169.44818878173828
49,2309,2021,1333.6917496751842,-75.15886618325658,169.3150863647461
50,2321,2020,1346.684387180598,-74.06020654801159,169.11447143554688
51,2332,2019,1358.5943048938936,-72.96154691276661,170.5376739501953
52,2344,2018,1371.5869423993074,-71.86288727752162,169.50852966308594
53,2354,2015,1382.4141403204856,-68.56690837178667,170.34010314941406
54,2365,2015,1394.3240580337813,-68.56690837178667,170.2001495361328
55,2375,2013,1405.151255954959,-66.3695891012967,170.02228546142578
56,2386,2011,1417.0611736682552,-64.17226983080673,169.11447143554688
57,2397,2009,1428.9710913815509,-61.974950560316756,169.3150863647461
58,2408,2007,1440.8810090948466,-59.777631289826786,169.3150863647461
59,2419,2005,1452.7909268081423,-57.58031201933636,169.11447143554688
60,2430,2005,1464.700844521438,-57.58031201933636,169.93093872070312
61,2441,2003,1476.6107622347338,-55.38299274884639,169.19176483154297
62,2451,2002,1487.437960155912,-54.284333113601406,169.11447143554688
63,2463,2001,1500.4305976613257,-53.18567347835642,169.6466827392578
64,2474,1999,1512.3405153746214,-50.98835420786645,169.9920196533203
65,2484,1997,1523.1677132957996,-48.79103493737648,169.11447143554688
66,2495,1997,1535.0776310090953,-48.79103493737648,169.7431869506836
67,2505,1995,1545.904828930273,-46.59371566688651,170.27242279052734
68,2516,1993,1557.8147466435692,-44.39639639639654,169.11447143554688
69,2527,1991,1569.7246643568649,-42.19907712590657,169.2156982421875
70,2538,1990,1581.6345820701606,-41.100417490661584,169.8379135131836
71,2548,1989,1592.4617799913387,-40.0017578554166,170.04937744140625
72,2560,1987,1605.454417496752,-37.80443858492663,169.4608154296875
73,2571,1986,1617.3643352100478,-36.705778949681644,169.2156982421875
74,2582,1984,1629.274252923344,-34.508459679191674,168.69007110595703
75,2594,1981,1642.2668904287573,-31.21248077345672,169.69515228271484
76,2605,1979,1654.176808142053,-29.01516150296675,168.69007110595703
77,2616,1977,1666.0867258553492,-26.817842232476778,168.92979431152344
78,2626,1976,1676.9139237765269,-25.719182597231338,168.69007110595703
79,2637,1975,1688.8238414898226,-24.620522961986353,168.3814697265625
80,2647,1974,1699.6510394110007,-23.521863326741368,167.9052505493164
81,2658,1971,1711.5609571242965,-20.225884421006413,168.29356384277344
82,2669,1969,1723.4708748375922,-18.028565150516442,168.88695526123047
83,2679,1966,1734.2980727587703,-14.732586244781487,167.47119140625
84,2689,1964,1745.1252706799485,-12.535266974291517,167.69197845458984
85,2700,1963,1757.0351883932442,-11.436607339046532,167.69197845458984
86,2709,1961,1766.7796665223043,-9.239288068556561,167.69197845458984
87,2721,1958,1779.772304027718,-5.943309162821606,167.19573211669922
88,2732,1955,1791.6822217410138,-2.647330257086651,167.31961059570312
89,2742,1954,1802.509419662192,-1.5486706218416657,166.96664428710938
90,2752,1953,1813.3366175833696,-0.4500109865966806,167.90524291992188
91,2763,1951,1825.2465352966658,1.7473082838932896,167.57405853271484
92,2773,1949,1836.0737332178435,3.94462755438326,166.93067932128906
93,2784,1945,1847.9836509311392,8.339266095363655,167.11181640625
94,2794,1942,1858.8108488523173,11.63524500109861,166.96664428710938
95,2805,1939,1870.720766565613,14.931223906833566,165.96376037597656
96,2815,1937,1881.5479644867912,17.128543177323536,166.67547607421875
97,2825,1935,1892.3751624079694,19.325862447813506,166.41400909423828
98,2835,1932,1903.202360329147,22.62184135354846,166.09222412109375
99,2845,1929,1914.0295582503252,25.917820259283417,165.96376037597656
100,2856,1926,1925.939475963621,29.213799165018372,165.70967864990234
101,2867,1923,1937.8493936769166,32.50977807075333,165.46554565429688
102,2877,1921,1948.6765915980948,34.7070973412433,165.46554565429688
103,2888,1918,1960.5865093113905,38.00307624697871,165.20323944091797
104,2898,1916,1971.4137072325686,40.20039551746868,164.96956634521484
105,2908,1914,1982.2409051537468,42.39771478795865,165.00492095947266
106,2919,1911,1994.1508228670425,45.693693693693604,163.90918731689453
107,2929,1907,2004.9780207882202,50.088332234673544,164.05460357666016
108,2939,1902,2015.8052187093983,55.58163041089847,164.9084243774414
109,2949,1898,2026.6324166305765,59.97626895187841,162.89727020263672
110,2958,1894,2036.3768947596366,64.37090749285835,162.12130737304688
111,2969,1889,2048.286812472932,69.86420566908373,162.07208251953125
112,2979,1883,2059.1140103941107,76.45616348055364,161.56504821777344
113,2988,1879,2068.8584885231703,80.85080202153358,160.90650939941406
114,2996,1874,2077.520246860113,86.34410019775851,160.24053192138672
115,3007,1869,2089.4301645734085,91.83739837398343,159.07550048828125
116,3016,1862,2099.174642702469,99.52801582069856,158.69422149658203
117,3026,1857,2110.001840623647,105.02131399692348,158.3768081665039
118,3034,1852,2118.6635989605893,110.51461217314863,157.38013458251953
119,3044,1845,2129.490796881767,118.20522961986353,156.30931091308594
120,3053,1838,2139.2352750108275,125.89584706657865,155.336181640625
121,3061,1834,2147.89703334777,130.2904856075586,154.60408782958984
122,3070,1826,2157.6415114768306,139.0797626895187,153.91440200805664
123,3079,1819,2167.3859896058902,146.7703801362336,153.43495178222656
124,3088,1811,2177.130467734951,155.5596572181937,152.02052688598633
125,3097,1804,2186.8749458640104,163.2502746649086,152.19854736328125
126,3105,1796,2195.536704200953,172.0395517468687,150.76718139648438
127,3113,1788,2204.1984625378955,180.8288288288286,149.7435646057129
128,3121,1783,2212.860220874838,186.32212700505374,149.11505508422852
129,3130,1774,2222.6046990038985,196.2100637222586,147.9946174621582
130,3138,1767,2231.26645734084,203.90068116897373,147.0721321105957
131,3145,1759,2238.8454958856655,212.6899582509336,145.7131233215332
132,3152,1750,2246.42453443049,222.5778949681387,144.78240585327148
133,3158,1740,2252.9208531831964,233.5644913205888,143.79741287231445
134,3164,1731,2259.4171719359038,243.45242803779365,142.4314079284668
135,3171,1723,2266.996210480728,252.24170511975376,140.0538330078125
136,3176,1713,2272.4098094413166,263.22830147220384,138.53229522705078
137,3182,1701,2278.906128194024,276.41221709514366,138.01278686523438
138,3184,1694,2281.071567778259,284.1028345418588,136.54815673828125
139,3188,1685,2285.4024469467304,293.9907712590639,134.2151756286621
140,3190,1674,2287.5678865309665,306.0760272467587,132.82525634765625
141,3193,1664,2290.8160459073197,317.0626235992088,130.38364791870117
142,3194,1654,2291.8987656994377,328.04921995165887,127.69424057006836
143,3195,1646,2292.981485491555,336.83849703361875,125.81608200073242
144,3196,1637,2294.064205283673,346.72643375082384,122.7352294921875
145,3195,1628,2292.981485491555,356.61437046802894,121.7391414642334
146,3194,1617,2291.8987656994377,368.6996264557238,118.76764869689941
147,3193,1606,2290.8160459073197,380.78488244341884,117.43972969055176
148,3191,1596,2288.6506063230836,391.7714787958689,114.8423900604248
149,3191,1588,2288.6506063230836,400.5607558778288,113.42869186401367
150,3190,1579,2287.5678865309665,410.4486925950339,112.35319709777832
151,3187,1570,2284.3197271546123,420.336629312239,111.03751182556152
152,3184,1561,2281.071567778259,430.22456602944385,108.28535270690918
153,3181,1553,2277.823408401906,439.01384311140396,105.4221601486206
154,3179,1548,2275.6579688176707,444.5071412876289,104.50016498565674
155,3175,1539,2271.3270896491995,454.395078004834,101.68937015533447
156,3171,1532,2266.996210480728,462.0856954515489,100.00798034667969
157,3166,1524,2261.582611520139,470.874972533509,98.39292430877686
158,3160,1515,2255.0862927674325,480.76290925071385,95.71059322357178
159,3156,1507,2250.7554135989612,489.55218633267395,95.44033241271973
160,3152,1498,2246.42453443049,499.44012304987905,93.33847045898438
161,3148,1489,2242.0936552620187,509.3280597670839,91.84761035442352
162,3146,1482,2239.9282156777826,517.018677213799,90.95484125614166
163,3142,1472,2235.5973365093114,528.0052735662489,90.0
164,3135,1462,2228.018297964487,538.991869918699,90.0
165,3134,1452,2226.93557817237,549.978466271149,88.4377670288086
166,3130,1442,2222.6046990038985,560.9650626235991,87.87889862060547
167,3127,1432,2219.3565396275444,571.951658976049,86.76898193359375
168,3126,1421,2218.2738198354273,584.036914963744,86.02061462402344
169,3124,1411,2216.108380251191,595.0235113161941,85.38934326171875
170,3118,1399,2209.6120614984848,608.2074269391342,84.34052276611328
171,3115,1389,2206.3639021221315,619.194023291584,83.71749877929688
172,3113,1377,2204.1984625378955,632.3779389145241,82.68097686767578
173,3110,1366,2200.9503031615423,644.4631949022191,81.8698959350586
174,3106,1355,2196.619423993071,656.5484508899142,81.66255187988281
175,3103,1345,2193.371264616718,667.535047242364,81.8698959350586
176,3100,1335,2190.1231052403646,678.5216435948141,79.6026611328125
177,3095,1324,2184.7095062797753,690.6068995825092,78.48616790771484
178,3091,1314,2180.378627111304,701.5934959349593,78.11134338378906
179,3088,1305,2177.130467734951,711.4814326521641,77.7352294921875
180,3083,1296,2171.7168687743615,721.3693693693692,76.86598205566406
181,3077,1285,2165.220550021655,733.4546253570643,75.96376037597656
182,3072,1274,2159.806951061066,745.5398813447591,74.96956634521484
183,3069,1264,2156.5587916847126,756.5264776972092,74.74488067626953
184,3065,1254,2152.2279125162413,767.5130740496593,73.76116180419922
185,3060,1243,2146.814313555652,779.5983300373543,73.45701599121094
186,3059,1233,2145.731593763534,790.5849263898042,72.85964965820312
187,3058,1223,2144.648873971417,801.5715227422543,72.70755004882812
188,3055,1212,2141.4007145950636,813.6567787299493,72.70755767822266
189,3052,1202,2138.1525552187095,824.6433750823992,72.89727020263672
190,3049,1191,2134.9043958423563,836.7286310700943,73.20162963867188
191,3046,1181,2131.656236466003,847.7152274225443,74.35775756835938
192,3044,1170,2129.490796881767,859.8004834102394,73.7798080444336
193,3042,1160,2127.325357297532,870.7870797626892,73.05078125
194,3039,1150,2124.0771979211786,881.7736761151393,72.89727020263672
195,3035,1139,2119.7463187527073,893.8589321028344,73.5513916015625
196,3031,1128,2115.415439584236,905.9441880905295,74.05460357666016
197,3030,1118,2114.332719792118,916.9307844429793,73.20162963867188
198,3027,1107,2111.084560415765,929.0160404306744,73.05078125
199,3026,1097,2110.001840623647,940.0026367831244,72.89727020263672
200,3022,1088,2105.6709614551755,949.8905735003295,73.61045837402344
201,3020,1077,2103.5055218709404,961.9758294880244,72.93714141845703
202,3018,1067,2101.3400822867043,972.9624258404745,73.20162963867188
203,3016,1058,2099.174642702469,982.8503625576795,73.61045837402344
204,3014,1048,2097.009203118233,993.8369589101294,72.77656555175781
205,3014,1037,2097.009203118233,1005.9222148978245,73.20162963867188
206,3011,1025,2093.76104374188,1019.1061305207645,73.21016693115234
207,3009,1010,2091.5956041576446,1035.5860250494395,73.66395568847656
208,3007,997,2089.4301645734085,1049.8686003076245,74.05460357666016
209,3006,986,2088.3474447812914,1061.9538562953196,74.11986541748047
210,3004,975,2086.1820051970553,1074.0391122830144,75.0685806274414
211,3004,966,2086.1820051970553,1083.9270490002195,75.3791275024414
212,3004,958,2086.1820051970553,1092.7163260821796,76.4295654296875
213,3004,949,2086.1820051970553,1102.6042627993845,76.63307189941406
214,3006,938,2088.3474447812914,1114.6895187870796,77.64464569091797
215,3008,924,2090.5128843655266,1130.0707536805096,78.05582427978516
216,3009,913,2091.5956041576446,1142.1560096682047,79.50852966308594
217,3009,903,2091.5956041576446,1153.1426060206545,80.18070220947266
218,3008,894,2090.5128843655266,1163.0305427378596,79.8379135131836
219,3007,884,2089.4301645734085,1174.0171390903097,79.99201965332031
220,3005,873,2087.2647249891734,1186.1023950780045,79.89496612548828
221,3005,861,2087.2647249891734,1199.2863107009448,79.7431869506836
222,3003,849,2085.0992854049373,1212.4702263238846,80.21759033203125
223,3001,838,2082.933845820702,1224.5554823115797,79.69515228271484
224,3001,828,2082.933845820702,1235.5420786640298,80.36246490478516
225,2999,817,2080.768406236466,1247.6273346517246,79.3150863647461
226,2999,806,2080.768406236466,1259.71259063942,79.8379135131836
227,2997,795,2078.602966652231,1271.7978466271147,79.11447143554688
228,2997,783,2078.602966652231,1284.9817622500548,80.53767395019531
229,2996,772,2077.520246860113,1297.0670182377498,79.64668273925781
230,2995,762,2076.437527067995,1308.0536145901997,80.53767395019531
231,2993,751,2074.2720874837596,1320.1388705778947,80.08724212646484
232,2992,741,2073.1893676916416,1331.1254669303448,79.3150863647461
233,2991,730,2072.1066478995235,1343.2107229180397,80.18070220947266
234,2990,718,2071.0239281074064,1356.39463854098,79.8379135131836
235,2989,708,2069.9412083152883,1367.3812348934298,80.45547485351562
236,2986,696,2066.693048938935,1380.5651505163698,79.93093872070312
237,2985,685,2065.610329146817,1392.650406504065,80.45086669921875
238,2983,674,2063.444889562582,1404.7356624917597,80.88864135742188
239,2982,663,2062.362169770464,1416.820918479455,80.45086669921875
240,2981,652,2061.279449978346,1428.9061744671499,80.18070220947266
241,2980,642,2060.196730186228,1439.8927708196,79.64668273925781
242,2978,630,2058.0312906019926,1453.07668644254,79.69515228271484
243,2978,620,2058.0312906019926,1464.0632827949898,81.17961883544922
244,2977,609,2056.9485708098746,1476.148538782685,80.62293243408203
245,2976,597,2055.8658510177565,1489.332454405625,80.3802719116211
246,2975,587,2054.7831312256394,1500.3190507580748,80.27242279052734
247,2974,576,2053.7004114335214,1512.40430674577,79.2156982421875
248,2973,565,2052.6176916414033,1524.489562733465,80.36246490478516
249,2971,554,2050.452252057168,1536.57481872116,79.69515228271484
250,2970,543,2049.36953226505,1548.660074708855,79.8379135131836
251,2969,532,2048.286812472932,1560.74533069655,80.18070220947266
252,2967,521,2046.1213728886967,1572.8305866842452,80.13418579101562
253,2966,510,2045.038653096579,1584.91584267194,79.7431869506836
254,2965,498,2043.955933304461,1598.09975829488,80.18070220947266
255,2964,488,2042.8732135123435,1609.0863546473302,80.08724212646484
256,2963,476,2041.7904937202254,1622.27027027027,79.69515228271484
257,2962,465,2040.7077739281078,1634.355526257965,80.18070220947266
258,2961,455,2039.6250541359898,1645.3421226104151,80.13418579101562
259,2960,444,2038.5423343438722,1657.4273785981102,79.8379135131836
260,2959,433,2037.4596145517542,1669.5126345858052,79.87532806396484
261,2958,423,2036.3768947596366,1680.499230938255,81.25383758544922
262,2957,411,2035.294174967519,1693.6831465611951,79.69515228271484
263,2955,400,2033.1287353832834,1705.7684025488902,80.53767395019531
264,2955,390,2033.1287353832834,1716.75499890134,80.29960632324219
265,2954,378,2032.0460155911653,1729.9389145242803,79.8379135131836
266,2953,368,2030.9632957990477,1740.9255108767302,79.50852966308594
267,2951,357,2028.797856214812,1753.0107668644252,79.64668273925781
268,2949,345,2026.6324166305765,1766.1946824873653,79.11447143554688
269,2948,335,2025.5496968384584,1777.1812788398151,80.53767395019531
270,2947,323,2024.4669770463408,1790.3651944627552,79.69515228271484
271,2945,312,2022.3015374621052,1802.4504504504503,80.04937744140625
272,2944,303,2021.2188176699872,1812.3383871676554,80.62293243408203
273,2943,292,2020.1360978778696,1824.4236431553504,80.77607727050781
274,2941,281,2017.970658293634,1836.5088991430453,80.29960632324219
275,2937,271,2013.6397791251627,1847.4954954954953,78.9828872680664
276,2931,260,2007.1434603724558,1859.5807514831904,78.11134338378906
277,2927,250,2002.8125812039846,1870.5673478356402,78.11134338378906
278,2922,241,1997.3989822433957,1880.4552845528453,76.8170394897461
279,2916,231,1990.9026634906888,1891.4418809052954,75.49983215332031
280,2908,222,1982.2409051537468,1901.3298176225003,73.91835021972656
281,2902,214,1975.74458640104,1910.1190947044604,72.49913787841797
282,2897,206,1970.3309874404506,1918.9083717864205,71.99583435058594
283,2889,198,1961.6692291035085,1927.6976488683804,70.01689147949219
284,2881,191,1953.007470766566,1935.3882663150955,67.52056884765625
285,2872,183,1943.262992637506,1944.1775433970554,66.80140686035156
286,2864,177,1934.6012343005634,1950.7695012085255,64.41148376464844
287,2856,171,1925.939475963621,1957.3614590199954,62.487998962402344
288,2848,166,1917.2777176266784,1962.8547571962204,60.75117111206055
289,2838,161,1906.4505197055007,1968.3480553724455,58.570438385009766
290,2829,156,1896.7060415764402,1973.8413535486704,56.445068359375
291,2821,152,1888.044283239498,1978.2359920896504,55.08816909790039
292,2812,149,1878.2998051104375,1981.5319709953856,53.392921447753906
293,2804,148,1869.6380467734955,1982.6306306306305,51.34019088745117
294,2795,145,1859.8935686444354,1985.9266095363655,48.6522216796875
295,2785,142,1849.0663707232573,1989.2225884421005,46.75699234008789
296,2776,141,1839.3218925941972,1990.3212480773454,45.0
297,2766,139,1828.494694673019,1992.5185673478354,42.6558723449707
298,2758,138,1819.8329363360765,1993.6172269830804,40.833492279052734
299,2749,137,1810.0884582070164,1994.7158866183254,38.81138610839844
300,2740,138,1800.3439800779563,1993.6172269830804,36.764381408691406
301,2731,138,1790.5995019488957,1993.6172269830804,35.134193420410156
302,2723,137,1781.9377436119537,1994.7158866183254,33.11134338378906
303,2714,139,1772.1932654828936,1992.5185673478354,30.784147262573242
304,2704,138,1761.3660675617155,1993.6172269830804,29.302207946777344
305,2693,140,1749.4561498484197,1991.4199077125904,27.49283790588379
306,2684,140,1739.7116717193592,1991.4199077125904,25.866357803344727
307,2673,141,1727.8017540060634,1990.3212480773454,23.5400390625
308,2663,143,1716.9745560848858,1988.1239288068555,21.948699951171875
309,2653,145,1706.1473581637076,1985.9266095363655,20.26569938659668
310,2643,146,1695.3201602425295,1984.8279499011205,17.744672775268555
311,2635,147,1686.658401905587,1983.7292902658755,16.798372268676758
312,2627,149,1677.996643568645,1981.5319709953856,15.662105560302734
313,2617,151,1667.1694456474668,1979.3346517248954,14.03624439239502
314,2607,154,1656.3422477262886,1976.0386728191604,12.917813301086426
315,2597,155,1645.515049805111,1974.9400131839154,11.309932708740234
316,2586,158,1633.6051320918148,1971.6440342781805,10.304847717285156
317,2578,157,1624.9433737548727,1972.7426939134255,8.8646240234375
318,2566,158,1611.950736249459,1971.6440342781805,8.27589225769043
319,2555,158,1600.0408185361632,1971.6440342781805,8.601385116577148
320,2545,158,1589.213620614985,1971.6440342781805,8.19806957244873
321,2535,156,1578.3864226938074,1973.8413535486704,7.125016689300537
322,2523,157,1565.3937851883936,1972.7426939134255,6.740056991577148
323,2511,159,1552.4011476829799,1970.5453746429355,6.170175075531006
324,2500,157,1540.4912299696841,1972.7426939134255,5.806726932525635
325,2490,155,1529.664032048506,1974.9400131839154,5.147884845733643
326,2479,157,1517.7541143352103,1972.7426939134255,4.159642696380615
327,2467,158,1504.761476829797,1971.6440342781805,3.674499750137329
328,2457,158,1493.9342789086188,1971.6440342781805,3.122130870819092
329,2446,158,1482.024361195323,1971.6440342781805,3.094058036804199
330,2434,161,1469.0317236899093,1968.3480553724455,2.556149959564209
331,2421,162,1454.956366392378,1967.2493957372005,1.992093563079834
332,2411,163,1444.1291684711998,1966.1507361019553,180.0
333,2400,165,1432.219250757904,1963.9534168314653,180.0
334,2387,169,1418.1438934603727,1959.5587782904854,178.9583740234375
335,2376,172,1406.233975747077,1956.2627993847505,177.93617248535156
336,2365,173,1394.3240580337813,1955.1641397495055,176.8201675415039
337,2356,177,1384.5795799047212,1950.7695012085255,175.2363510131836
338,2345,180,1372.669662191425,1947.4735223027903,174.23736572265625
339,2334,184,1360.7597444781293,1943.0788837618104,173.9275360107422
340,2324,188,1349.9325465569516,1938.6842452208305,173.0189437866211
341,2314,193,1339.1053486357735,1933.1909470446053,171.57302856445312
342,2304,196,1328.2781507145953,1929.8949681388704,171.05461883544922
343,2296,199,1319.6163923776528,1926.5989892331354,170.02228546142578
344,2286,205,1308.7891944564751,1920.0070314216655,168.48616790771484
345,2275,209,1296.8792767431794,1915.6123928806853,168.27488708496094
346,2265,211,1286.0520788220012,1913.4150736101953,168.27488708496094
347,2254,216,1274.1421611087055,1907.9217754339704,167.125
348,2243,221,1262.2322433954098,1902.4284772577453,166.21839904785156
349,2233,225,1251.4050454742317,1898.0338387167653,165.44642639160156
350,2223,227,1240.5778475530535,1895.8365194462754,165.0685806274414
351,2212,230,1228.6679298397578,1892.5405405405404,164.5603485107422
352,2201,235,1216.758012126462,1887.0472423643155,164.93151092529297
353,2191,239,1205.930814205284,1882.6526038233353,163.90918731689453
354,2181,239,1195.1036162841058,1882.6526038233353,164.05460357666016
355,2169,241,1182.1109787786925,1880.4552845528453,164.337890625
356,2159,245,1171.2837808575143,1876.0606460118654,164.05460357666016
357,2148,248,1159.3738631442186,1872.7646671061302,164.1974868774414
358,2136,250,1146.3812256388048,1870.5673478356402,164.1974868774414
359,2126,251,1135.5540277176272,1869.4686882003953,164.47589111328125
360,2115,253,1123.644110004331,1867.2713689299053,164.69915771484375
361,2104,256,1111.7341922910352,1863.9753900241703,163.69829559326172
362,2094,258,1100.9069943698576,1861.7780707536804,164.1974868774414
363,2084,257,1090.0797964486794,1862.8767303889254,164.83554077148438
364,2072,255,1077.0871589432656,1865.0740496594153,166.34235382080078
365,2059,253,1063.0118016457343,1867.2713689299053,167.90524291992188
366,2048,251,1051.1018839324386,1869.4686882003953,168.27488708496094
367,2039,250,1041.3574058033785,1870.5673478356402,169.69515228271484
368,2029,248,1030.5302078822003,1872.7646671061302,169.69515228271484
369,2017,245,1017.5375703767866,1876.0606460118654,170.7066879272461
370,2006,242,1005.6276526634908,1879.3566249176004,171.8698959350586
371,1996,240,994.8004547423131,1881.5539441880903,172.7468032836914
372,1986,239,983.973256821135,1882.6526038233353,173.774169921875
373,1974,235,970.9806193157212,1887.0472423643155,174.7099151611328
374,1963,232,959.0707016024255,1890.3432212700504,175.1009063720703
375,1953,231,948.2435036812474,1891.4418809052954,175.76361083984375
376,1942,232,936.3335859679516,1890.3432212700504,175.0540313720703
377,1932,234,925.506388046774,1888.1459019995605,174.61068725585938
378,1921,234,913.5964703334778,1888.1459019995605,174.80557250976562
379,1909,234,900.6038328280645,1888.1459019995605,174.7099151611328
380,1899,234,889.7766349068863,1888.1459019995605,175.0540313720703
381,1888,234,877.8667171935906,1888.1459019995605,175.60128784179688
382,1877,234,865.9567994802949,1888.1459019995605,175.60128784179688
383,1866,236,854.0468817669989,1885.9485827290705,174.7099151611328
384,1856,236,843.219683845821,1885.9485827290705,175.14690399169922
385,1844,236,830.2270463404075,1885.9485827290705,175.80233001708984
386,1834,236,819.3998484192293,1885.9485827290705,175.68397521972656
387,1823,237,807.4899307059336,1884.8499230938253,176.35881805419922
388,1812,238,795.5800129926379,1883.7512634585803,175.72415924072266
389,1802,238,784.7528150714597,1883.7512634585803,175.68397521972656
390,1792,238,773.9256171502818,1883.7512634585803,175.84036254882812
391,1781,238,762.0156994369859,1883.7512634585803,175.64302825927734
392,1771,238,751.188501515808,1883.7512634585803,175.68397521972656
393,1761,240,740.36130359463,1881.5539441880903,175.14690399169922
394,1751,240,729.5341056734519,1881.5539441880903,175.64302825927734
395,1740,240,717.6241879601562,1881.5539441880903,175.60128784179688
396,1728,242,704.6315504547426,1879.3566249176004,174.4724578857422
397,1715,242,690.556193157211,1879.3566249176004,175.60128784179688
398,1703,244,677.5635556517975,1877.1593056471104,174.5596694946289
399,1692,246,665.6536379385018,1874.9619863766204,174.61068725585938
400,1682,246,654.8264400173239,1874.9619863766204,174.5596694946289
401,1672,246,643.9992420961457,1874.9619863766204,174.488525390625
402,1662,248,633.1720441749678,1872.7646671061302,174.4724578857422
403,1652,250,622.3448462537897,1870.5673478356402,174.2894058227539
404,1641,252,610.434928540494,1868.3700285651503,173.49436950683594
405,1631,254,599.607730619316,1866.1727092946603,173.45370483398438
406,1620,256,587.6978129060201,1863.9753900241703,173.23382568359375
407,1609,257,575.7878951927244,1862.8767303889254,173.11827850341797
408,1598,259,563.8779774794286,1860.6794111184354,172.81146240234375
409,1587,261,551.9680597661327,1858.4820918479454,172.40535736083984
410,1577,262,541.1408618449548,1857.3834322127004,172.47618103027344
411,1567,265,530.3136639237769,1854.0874533069652,172.1847152709961
412,1555,268,517.3210264183631,1850.7914744012303,171.71420288085938
413,1545,271,506.4938284971852,1847.4954954954953,171.4163818359375
414,1535,272,495.66663057600726,1846.3968358602503,171.3358612060547
415,1525,272,484.8394326548291,1846.3968358602503,171.25383758544922
416,1514,274,472.9295149415334,1844.1995165897604,171.13536834716797
417,1503,277,461.01959722823767,1840.9035376840252,170.62293243408203
418,1491,279,448.0269597228239,1838.7062184135352,170.88864135742188
419,1479,280,435.03432221741036,1837.6075587782902,171.05461883544922
420,1469,282,424.20712429623245,1835.4102395078003,170.08724212646484
421,1458,283,412.2972065829365,1834.3115798725553,170.71644592285156
422,1448,285,401.4700086617586,1832.1142606020653,170.7066879272461
423,1438,286,390.64281074058067,1831.0156009668203,171.2146987915039
424,1426,287,377.6501732351669,1829.9169413315753,171.05461883544922
425,1415,288,365.7402555218712,1828.8182816963304,170.8033447265625
426,1403,290,352.74761801645764,1826.6209624258404,170.92850494384766
427,1392,291,340.8377003031617,1825.5223027905954,170.3802719116211
428,1381,293,328.92778258986596,1823.3249835201054,170.5376739501953
429,1369,294,315.9351450844524,1822.2263238848602,169.77783203125
430,1358,295,304.02522737115646,1821.1276642496152,170.21759033203125
431,1347,297,292.11530965786073,1818.9303449791253,170.07376098632812
432,1335,299,279.1226721524472,1816.7330257086353,169.4389877319336
433,1325,300,268.29547423126905,1815.6343660733903,170.04937744140625
434,1314,301,256.3855565179733,1814.5357064381453,169.7386245727539
435,1303,302,244.4756388046776,1813.4370468029003,169.50852966308594
436,1292,304,232.56572109138187,1811.2397275324101,169.96309661865234
437,1282,305,221.73852317020373,1810.1410678971652,169.78602600097656
438,1271,307,209.828605456908,1807.9437486266752,169.5625228881836
439,1260,308,197.91868774361205,1806.8450889914302,169.50852966308594
440,1249,309,186.00877003031633,1805.7464293561852,169.8379135131836
441,1238,311,174.0988523170206,1803.5491100856952,169.8379135131836
442,1228,311,163.27165439584246,1803.5491100856952,170.04937744140625
443,1216,313,150.27901689042892,1801.3517908152053,169.87532806396484
444,1206,315,139.451818969251,1799.1544715447153,169.3803482055664
445,1196,316,128.62462104807287,1798.0558119094703,169.87532806396484
446,1185,318,116.71470333477714,1795.8584926389804,169.96309661865234
447,1174,320,104.80478562148141,1793.6611733684904,169.4126739501953
448,1164,321,93.97758770030327,1792.5625137332454,169.28687286376953
449,1153,323,82.06766998700755,1790.3651944627552,169.2156982421875
450,1143,324,71.24047206582964,1789.2665348275102,169.6513214111328
451,1132,327,59.33055435253368,1785.9705559217753,169.4722137451172
452,1123,329,49.58607622347358,1783.7732366512853,168.79405212402344
453,1112,333,37.676158510177856,1779.3785981103051,168.9964599609375
454,1101,335,25.766240796881902,1777.1812788398151,168.69007110595703
455,1090,338,13.856323083586176,1773.8852999340802,168.27488708496094
456,1080,341,3.0291251624082633,1770.5893210283452,167.97772216796875
457,1069,342,-8.88079255088769,1769.4906613931003,168.1663589477539
458,1059,346,-19.707990472065603,1765.0960228521203,167.125
459,1048,348,-31.61790818536133,1762.8987035816303,167.21654510498047
460,1037,352,-43.527825898657284,1758.5040650406502,167.00537872314453
461,1028,354,-53.27230402771738,1756.3067457701602,166.6512680053711
462,1018,355,-64.09950194889552,1755.2080861349152,166.8835678100586
463,1008,357,-74.92669987007343,1753.0107668644252,166.48343658447266
464,998,360,-85.75389779125135,1749.7147879586903,165.96376037597656
465,987,363,-97.6638155045473,1746.418809052955,165.83294677734375
466,976,365,-109.57373321784303,1744.2214897824651,165.83294677734375
467,966,367,-120.40093113902094,1742.0241705119752,165.83293914794922
468,956,369,-131.22812906019908,1739.8268512414852,165.96376037597656
469,946,371,-142.055326981377,1737.6295319709952,165.96376037597656
470,936,372,-152.88252490255502,1736.5308723357502,166.08312225341797
471,926,375,-163.70972282373305,1733.2348934300153,166.20913696289062
472,915,378,-175.61964053702889,1729.9389145242803,165.4832992553711
473,905,381,-186.4468384582068,1726.6429356185452,165.71890258789062
474,896,385,-196.191316587267,1722.2482970775652,165.23080444335938
475,886,390,-207.01851450844504,1716.75499890134,164.52867126464844
476,876,394,-217.84571242962306,1712.3603603603601,163.91835021972656
477,867,397,-227.59019055868328,1709.0643814546252,163.0724868774414
478,858,403,-237.3346686877435,1702.4724236431553,162.34986877441406
479,847,409,-249.24458640103921,1695.8804658316851,161.10175323486328
480,838,414,-258.9890645300994,1690.3871676554602,160.52970123291016
481,830,422,-267.6508228670418,1681.5978905735,158.80594635009766
482,820,429,-278.47802078821985,1673.9072731267852,158.39447784423828
483,812,436,-287.13977912516225,1666.21665568007,157.01129150390625
484,804,443,-295.80153746210465,1658.5260382333552,156.30931091308594
485,795,451,-305.54601559116486,1649.736761151395,155.1576156616211
486,787,458,-314.20777392810726,1642.0461437046802,154.08111572265625
487,779,464,-322.86953226504966,1635.4541858932103,153.43495178222656
488,773,472,-329.3658510177564,1626.6649088112501,151.189208984375
489,764,480,-339.11032914681664,1617.87563172929,150.5843963623047
490,757,487,-346.6893676916412,1610.1850142825751,149.58892059326172
491,751,495,-353.185686444348,1601.395737200615,148.10921096801758
492,744,505,-360.7647249891727,1590.409140848165,146.9083023071289
493,738,514,-367.26104374187946,1580.52120413096,145.57352447509766
494,732,521,-373.75736249458623,1572.8305866842452,144.2110252380371
495,725,531,-381.3364010394108,1561.8439903317949,143.13010025024414
496,720,539,-386.7499999999999,1553.054713249835,142.30575942993164
497,715,547,-392.16359896058884,1544.2654361678751,141.4234733581543
498,709,555,-398.6599177132956,1535.476159085915,139.98633193969727
499,705,565,-402.99079688176687,1524.489562733465,138.57633590698242
500,701,573,-407.321676050238,1515.700285651505,136.97493362426758
501,696,582,-412.7352750108271,1505.8123489343,136.12329864501953
502,692,592,-417.0661541792982,1494.8257525818499,135.0
503,688,598,-421.3970333477695,1488.23379477038,133.22119903564453
504,683,605,-426.81063230835844,1480.543177323665,132.82525634765625
505,680,616,-430.0587916847119,1468.4579213359698,131.39152908325195
506,677,623,-433.3069510610652,1460.767303889255,129.74219131469727
507,673,632,-437.63783022953646,1450.87936717205,128.81138229370117
508,671,642,-439.8032698137721,1439.8927708196,126.8698959350586
509,667,651,-444.13414898224323,1430.0048341023949,126.02737045288086
510,665,659,-446.29958856647886,1421.215557020435,124.77782821655273
511,661,669,-450.63046773495,1410.228960667985,123.6900634765625
512,657,677,-454.96134690342126,1401.4396835860248,121.38319206237793
513,655,685,-457.1267864876569,1392.650406504065,121.13897132873535
514,654,696,-458.2095062797746,1380.5651505163698,119.55368614196777
515,652,705,-460.3749458640102,1370.6772137991647,118.61045837402344
516,650,713,-462.54038544824584,1361.8879367172049,116.80578804016113
517,649,724,-463.62310524036366,1349.8026807295098,116.56505012512207
518,649,732,-463.62310524036366,1341.0134036475497,115.64100646972656
519,647,741,-465.7885448245993,1331.1254669303448,114.17910766601562
520,647,751,-465.7885448245993,1320.1388705778947,112.83365058898926
521,646,760,-466.871264616717,1310.2509338606897,110.85445785522461
522,645,769,-467.9539844088348,1300.3629971434848,109.6871166229248
523,645,778,-467.9539844088348,1290.47506042628,108.74134063720703
524,646,788,-466.871264616717,1279.4884640738296,108.18904685974121
525,645,796,-467.9539844088348,1270.6991869918697,105.6795244216919
526,646,805,-466.871264616717,1260.8112502746649,104.03624439239502
527,646,815,-466.871264616717,1249.8246539222146,103.49573421478271
528,645,824,-467.9539844088348,1239.9367172050097,102.99461650848389
529,644,835,-469.0367042009526,1227.8514612173149,101.30993270874023
530,645,847,-467.9539844088348,1214.6675455943746,100.56101131439209
531,643,856,-470.1194239930704,1204.7796088771697,101.96205234527588
532,639,866,-474.4503031615417,1193.7930125247196,100.38885879516602
533,638,877,-475.5330229536595,1181.7077565370246,100.49147701263428
534,639,889,-474.4503031615417,1168.5238409140848,100.73889827728271
535,636,899,-477.698462537895,1157.5372445616347,99.46232223510742
536,634,909,-479.86390212213064,1146.5506482091846,99.29330825805664
537,633,920,-480.94662191424845,1134.4653922214898,98.13010215759277
538,633,931,-480.94662191424845,1122.3801362337945,98.66413497924805
539,632,942,-482.02934170636627,1110.2948802460996,96.91122722625732
540,631,953,-483.1120614984841,1098.2096242584046,97.12501668930054
541,631,963,-483.1120614984841,1087.2230279059545,96.94098377227783
542,630,974,-484.1947812906019,1075.1377719182597,95.90614128112793
543,630,985,-484.1947812906019,1063.0525159305646,95.80672693252563
544,629,995,-485.2775010827196,1052.0659195781145,95.54531764984131
545,628,1005,-486.3602208748374,1041.0793232256644,94.85309648513794
546,630,1018,-484.1947812906019,1026.7967479674794,94.76364183425903
547,632,1029,-482.02934170636627,1014.7114919797846,93.36646032333374
548,633,1040,-480.94662191424845,1002.6262359920895,92.00955390930176
549,636,1050,-477.698462537895,991.6396396396394,90.98776042461395
550,641,1062,-472.28486357730606,978.4557240166994,90.0
551,644,1072,-469.0367042009526,967.4691276642495,90.0
552,646,1081,-466.871264616717,957.5811909470444,87.45519256591797
553,651,1091,-461.45766565612803,946.5945945945944,86.85504150390625
554,655,1101,-457.1267864876569,935.6079982421445,83.54118347167969
555,660,1110,-451.7131875270678,925.7200615249394,83.34557342529297
556,667,1120,-444.13414898224323,914.7334651724893,82.33319854736328
557,671,1128,-439.8032698137721,905.9441880905295,80.36246490478516
558,676,1136,-434.389670853183,897.1549110085693,79.69515228271484
559,683,1145,-426.81063230835844,887.2669742913642,78.00917053222656
560,688,1153,-421.3970333477695,878.4776972094044,76.8170394897461
561,693,1160,-415.9834343871804,870.7870797626892,75.20323944091797
562,700,1168,-408.4043958423558,861.9978026807294,74.74488067626953
563,706,1176,-401.90807708964905,853.2085255987693,72.58203125
564,712,1183,-395.4117583369423,845.5179081520544,71.56504821777344
565,719,1190,-387.8327197921176,837.8272907053392,70.06200408935547
566,725,1197,-381.3364010394108,830.1366732586243,68.2994613647461
567,731,1203,-374.84008228670405,823.5447154471542,67.38013458251953
568,739,1210,-366.17832394976165,815.8540980004393,66.60223388671875
569,747,1217,-357.51656561281925,808.1634805537242,64.79888153076172
570,754,1223,-349.93752706799467,801.5715227422543,63.43495178222656
571,760,1229,-343.4412083152879,794.9795649307844,63.07232666015625
572,767,1234,-335.8621697704632,789.4862667545592,61.821407318115234
573,773,1241,-329.3658510177564,781.7956493078443,60.190887451171875
574,782,1245,-319.6213728886962,777.4010107668641,58.32453155517578
575,789,1251,-312.04233434387163,770.8090529553942,56.88865280151367
576,798,1256,-302.2978562148114,765.3157547791693,56.02345275878906
577,807,1261,-292.5533780857512,759.8224566029442,55.00798416137695
578,813,1266,-286.05705933304444,754.3291584267192,53.34389114379883
579,820,1270,-278.47802078821985,749.9345198857393,51.666664123535156
580,830,1273,-267.6508228670418,746.6385409800041,50.856014251708984
581,839,1278,-257.9063447379816,741.1452428037792,49.236392974853516
582,847,1282,-249.24458640103921,736.7506042627992,48.3231201171875
583,856,1287,-239.500108271979,731.2573060865743,47.48955154418945
584,864,1289,-230.8383499350366,729.0599868160841,45.725223541259766
585,872,1293,-222.1765915980942,724.6653482751042,44.274776458740234
586,880,1294,-213.5148332611518,723.5666886398592,42.41420364379883
587,889,1297,-203.7703551320916,720.2707097341242,41.7191162109375
588,898,1301,-194.02587700303138,715.8760711931443,40.143394470214844
589,908,1302,-183.19867908185347,714.7774115578991,38.50065231323242
590,917,1305,-173.45420095279326,711.4814326521641,36.559635162353516
591,926,1306,-163.70972282373305,710.3827730169191,35.71995544433594
592,936,1309,-152.88252490255502,707.0867941111842,34.562522888183594
593,945,1311,-143.1380467734948,704.8894748406942,32.938690185546875
594,954,1312,-133.3935686444347,703.7908152054492,31.675466537475586
595,966,1313,-120.40093113902094,702.6921555702042,30.256441116333008
596,975,1313,-110.65645300996084,702.6921555702042,28.369047164916992
597,985,1312,-99.82925508878293,703.7908152054492,26.9802303314209
598,994,1311,-90.0847769597226,704.8894748406942,24.623563766479492
599,1004,1311,-79.25757903854469,704.8894748406942,22.98871612548828
600,1014,1311,-68.43038111736655,704.8894748406942,21.595312118530273
601,1023,1308,-58.68590298830645,708.1854537464292,19.832130432128906
602,1031,1306,-50.02414465136394,710.3827730169191,18.886085510253906
603,1041,1304,-39.19694673018603,712.5800922874091,16.238840103149414
604,1050,1301,-29.45246860112593,715.8760711931443,14.931418418884277
605,1060,1299,-18.62527067994779,718.0733904636343,13.27064323425293
606,1071,1294,-6.715352966652063,723.5666886398592,12.200468063354492
607,1080,1291,3.0291251624082633,726.8626675455941,10.175511360168457
608,1090,1289,13.856323083586176,729.0599868160841,8.426968574523926
609,1099,1286,23.600801212646275,732.3559657218193,7.352379322052002
610,1109,1283,34.427999133824414,735.6519446275543,5.906140327453613
611,1120,1280,46.33791684712014,738.9479235332892,4.134671211242676
612,1130,1277,57.165114768298054,742.2439024390242,3.0940582752227783
613,1140,1272,67.9923126894762,747.7372006152493,1.3971812725067139
614,1151,1267,79.90223040277192,753.2304987914742,180.0
615,1160,1263,89.64670853183225,757.6251373324542,179.23609924316406
616,1170,1258,100.47390645301016,763.1184355086793,178.22853088378906
617,1180,1252,111.30110437418807,769.7103933201493,176.87786865234375
618,1189,1250,121.0455825032484,771.9077125906392,175.96228790283203
619,1198,1247,130.7900606323085,775.2036914963742,174.7099151611328
620,1209,1243,142.69997834560445,779.5983300373543,174.23736572265625
621,1219,1240,153.52717626678236,782.8943089430893,173.6598129272461
622,1229,1240,164.35437418796027,782.8943089430893,173.6598129272461
623,1240,1238,176.26429190125623,785.0916282135793,173.22434997558594
624,1252,1236,189.25692940666977,787.2889474840692,173.1572265625
625,1264,1233,202.2495669120833,790.5849263898042,172.1847152709961
626,1275,1232,214.15948462537926,791.6835860250492,172.52843475341797
627,1286,1231,226.069402338675,792.7822456602942,172.73676300048828
628,1296,1231,236.8966002598529,792.7822456602942,172.50414276123047
629,1306,1230,247.72379818103104,793.8809052955394,172.47618103027344
630,1318,1229,260.7164356864446,794.9795649307844,172.303955078125
631,1329,1227,272.6263533997403,797.1768842012743,172.56858825683594
632,1340,1226,284.53627111303626,798.2755438365193,172.40535736083984
633,1351,1225,296.446188826332,799.3742034717643,171.9455795288086
634,1362,1224,308.3561065396277,800.4728631070093,172.40535736083984
635,1372,1223,319.18330446080586,801.5715227422543,172.1847152709961
636,1383,1222,331.0932221741016,802.6701823774993,172.47618103027344
637,1394,1220,343.0031398873973,804.8675016479892,172.52843475341797
638,1405,1219,354.91305760069326,805.9661612832342,172.09283447265625
639,1416,1218,366.822975313989,807.0648209184792,172.64761352539062
640,1427,1216,378.7328930272847,809.2621401889692,172.09283447265625
641,1437,1216,389.56009094846286,809.2621401889692,172.60040283203125
642,1449,1215,402.5527284538764,810.3607998242144,172.97159576416016
643,1459,1214,413.3799263750543,811.4594594594594,172.76307678222656
644,1470,1214,425.28984408835026,811.4594594594594,172.60040283203125
645,1481,1213,437.199761801646,812.5581190947044,172.1082992553711
646,1491,1212,448.0269597228239,813.6567787299493,172.50414276123047
647,1502,1210,459.93687743611986,815.8540980004393,172.25965881347656
648,1513,1209,471.8467951494156,816.9527576356843,172.44365692138672
649,1523,1208,482.6739930705935,818.0514172709293,172.40535736083984
650,1534,1206,494.58391078388945,820.2487365414192,171.95094299316406
651,1544,1205,505.41110870506736,821.3473961766642,171.8698959350586
652,1554,1204,516.2383066262453,822.4460558119092,172.23483276367188
653,1566,1203,529.230944131659,823.5447154471542,171.71420288085938
654,1576,1202,540.058142052837,824.6433750823992,172.1847152709961
655,1587,1200,551.9680597661327,826.8406943528894,172.1082992553711
656,1598,1198,563.8779774794286,829.0380136233794,172.1466827392578
657,1608,1198,574.7051754006065,829.0380136233794,172.50414276123047
658,1619,1197,586.6150931139023,830.1366732586243,172.64761352539062
659,1630,1196,598.5250108271982,831.2353328938693,172.03038787841797
660,1640,1195,609.3522087483761,832.3339925291143,172.40535736083984
661,1651,1193,621.2621264616719,834.5313117996043,172.50414276123047
662,1661,1192,632.08932438285,835.6299714348493,172.61395263671875
663,1672,1191,643.9992420961457,836.7286310700943,172.67359161376953
664,1683,1190,655.9091598094415,837.8272907053392,172.1998062133789
665,1694,1188,667.8190775227374,840.0246099758292,172.32103729248047
666,1704,1187,678.6462754439153,841.1232696110744,172.56858825683594
667,1715,1186,690.556193157211,842.2219292463194,172.33319854736328
668,1725,1185,701.3833910783892,843.3205888815644,172.33319854736328
669,1736,1184,713.2933087916849,844.4192485168094,172.60040283203125
670,1747,1183,725.2032265049809,845.5179081520544,172.81146240234375
671,1757,1181,736.0304244261588,847.7152274225443,172.64761352539062
672,1769,1179,749.0230619315723,849.9125466930343,172.61395263671875
673,1780,1179,760.932979644868,849.9125466930343,172.6809844970703
674,1789,1178,770.6774577739284,851.0112063282793,172.50414276123047
